Workbook

Sheet Відповіді форми (1)
A1: Позначка часу | B1: Я думаю, я часто використовував/використовувала би цей додаток | C1: Я вважаю цей додаток надміру складним | D1: Я думаю, що цей додаток простий у використанні | E1: Я думаю, мені буде потрібна допомога технічної особи, щоб мати можливість використовувати цей додаток | F1: Я виявив/виявила, що різні функції в цьому додатку добре реалізовані | G1: Я думаю, що в цьому додатку забагато суперечностей | H1: Я думаю, що більшість людей дуже швидко навчиться користуватися цим додатком | I1: Я вважаю цей додаток дуже громіздким у використанні | J1: Я почувався/почувалася дуже впевнено при використанні цього додатку | K1: Мені б знадобилося багато чого навчитися перед тим, як я зможу почати використовувати цей додаток | L1: Чи є у тебе коментарі стосовно додатку або досвіду його використання?
A2: 45771.514 | B2: 4 | C2: 1 | D2: 5 | E2: 1 | F2: 5 | G2: 1 | H2: 5 | I2: 3 | J2: 4 | K2: 2 | L2: Користувалася б, бо любить гейміфікацію повсякденності. Але потрібне комʼюніті та конкурентноспроможність (Полюбе поставила б смітник біля бранденбурзьких воріт). (Сприймає додаток як чисто туристичний)
A3: 45771.62 | B3: 4 | C3: 1 | D3: 5 | E3: 1 | F3: 4 | G3: 1 | H3: 4 | I3: 1 | J3: 5 | K3: 1
A4: 45771.665 | B4: 4 | C4: 1 | D4: 5 | E4: 1 | F4: 4 | G4: 1 | H4: 5 | I4: 1 | J4: 4 | K4: 1
A5: 45771.784 | B5: 2 | C5: 2 | D5: 3 | E5: 1 | F5: 3 | G5: 2 | H5: 4 | I5: 3 | J5: 4 | K5: 2 | L5: Немає
A6: 45771.915 | B6: 4 | C6: 2 | D6: 4 | E6: 1 | F6: 4 | G6: 1 | H6: 5 | I6: 1 | J6: 4 | K6: 1 | L6: Нада донат
A7: 45772.519 | B7: 4 | C7: 2 | D7: 4 | E7: 1 | F7: 4 | G7: 1 | H7: 3 | I7: 2 | J7: 4 | K7: 2
A8: 45772.568 | B8: 3 | C8: 2 | D8: 5 | E8: 1 | F8: 3 | G8: 1 | H8: 4 | I8: 2 | J8: 4 | K8: 2
A9: 45772.782 | B9: 4 | C9: 1 | D9: 4 | E9: 1 | F9: 4 | G9: 1 | H9: 3 | I9: 1 | J9: 4 | K9: 1
A10: 45772.938 | B10: 5 | C10: 3 | D10: 4 | E10: 2 | F10: 5 | G10: 1 | H10: 4 | I10: 2 | J10: 4 | K10: 1
A11: 45773.49 | B11: 3 | C11: 2 | D11: 4 | E11: 1 | F11: 4 | G11: 1 | H11: 4 | I11: 1 | J11: 3 | K11: 1 | L11: прикольно і потенційно! про недоліки я говорила очно

Sheet SUS Calculaion
A1: Respondent | B1: Question 1 | C1: Question 2 | D1: Question 3 | E1: Question 4 | F1: Question 5 | G1: Question 6 | H1: Question 7 | I1: Question 8 | J1: Question 9 | K1: Question 10 | L1: SUS normalized | M1: Standart Deviation Calculation
A2: r1 | B2: ='Відповіді форми (1)'!B2-1 -> 3 | C2: =5-'Відповіді форми (1)'!C2 -> 4 | D2: ='Відповіді форми (1)'!D2-1 -> 4 | E2: =5-'Відповіді форми (1)'!E2 -> 4 | F2: ='Відповіді форми (1)'!F2-1 -> 4 | G2: =5-'Відповіді форми (1)'!G2 -> 4 | H2: ='Відповіді форми (1)'!H2-1 -> 4 | I2: =5-'Відповіді форми (1)'!I2 -> 2 | J2: ='Відповіді форми (1)'!J2-1 -> 3 | K2: =5-'Відповіді форми (1)'!K2 -> 3 | L2: =SUM(B2:K2)*2.5 -> 87.5 | M2: =(L2-$C$13)^2 -> 22.5625
A3: r2 | B3: ='Відповіді форми (1)'!B3-1 -> 3 | C3: =5-'Відповіді форми (1)'!C3 -> 4 | D3: ='Відповіді форми (1)'!D3-1 -> 4 | E3: =5-'Відповіді форми (1)'!E3 -> 4 | F3: ='Відповіді форми (1)'!F3-1 -> 3 | G3: =5-'Відповіді форми (1)'!G3 -> 4 | H3: ='Відповіді форми (1)'!H3-1 -> 3 | I3: =5-'Відповіді форми (1)'!I3 -> 4 | J3: ='Відповіді форми (1)'!J3-1 -> 4 | K3: =5-'Відповіді форми (1)'!K3 -> 4 | L3: =SUM(B3:K3)*2.5 -> 92.5 | M3: =(L3-$C$13)^2 -> 95.0625
A4: r3 | B4: ='Відповіді форми (1)'!B4-1 -> 3 | C4: =5-'Відповіді форми (1)'!C4 -> 4 | D4: ='Відповіді форми (1)'!D4-1 -> 4 | E4: =5-'Відповіді форми (1)'!E4 -> 4 | F4: ='Відповіді форми (1)'!F4-1 -> 3 | G4: =5-'Відповіді форми (1)'!G4 -> 4 | H4: ='Відповіді форми (1)'!H4-1 -> 4 | I4: =5-'Відповіді форми (1)'!I4 -> 4 | J4: ='Відповіді форми (1)'!J4-1 -> 3 | K4: =5-'Відповіді форми (1)'!K4 -> 4 | L4: =SUM(B4:K4)*2.5 -> 92.5 | M4: =(L4-$C$13)^2 -> 95.0625
A5: r4 | B5: ='Відповіді форми (1)'!B5-1 -> 1 | C5: =5-'Відповіді форми (1)'!C5 -> 3 | D5: ='Відповіді форми (1)'!D5-1 -> 2 | E5: =5-'Відповіді форми (1)'!E5 -> 4 | F5: ='Відповіді форми (1)'!F5-1 -> 2 | G5: =5-'Відповіді форми (1)'!G5 -> 3 | H5: ='Відповіді форми (1)'!H5-1 -> 3 | I5: =5-'Відповіді форми (1)'!I5 -> 2 | J5: ='Відповіді форми (1)'!J5-1 -> 3 | K5: =5-'Відповіді форми (1)'!K5 -> 3 | L5: =SUM(B5:K5)*2.5 -> 65 | M5: =(L5-$C$13)^2 -> 315.0625
A6: r5 | B6: ='Відповіді форми (1)'!B6-1 -> 3 | C6: =5-'Відповіді форми (1)'!C6 -> 3 | D6: ='Відповіді форми (1)'!D6-1 -> 3 | E6: =5-'Відповіді форми (1)'!E6 -> 4 | F6: ='Відповіді форми (1)'!F6-1 -> 3 | G6: =5-'Відповіді форми (1)'!G6 -> 4 | H6: ='Відповіді форми (1)'!H6-1 -> 4 | I6: =5-'Відповіді форми (1)'!I6 -> 4 | J6: ='Відповіді форми (1)'!J6-1 -> 3 | K6: =5-'Відповіді форми (1)'!K6 -> 4 | L6: =SUM(B6:K6)*2.5 -> 87.5 | M6: =(L6-$C$13)^2 -> 22.5625
A7: r6 | B7: ='Відповіді форми (1)'!B7-1 -> 3 | C7: =5-'Відповіді форми (1)'!C7 -> 3 | D7: ='Відповіді форми (1)'!D7-1 -> 3 | E7: =5-'Відповіді форми (1)'!E7 -> 4 | F7: ='Відповіді форми (1)'!F7-1 -> 3 | G7: =5-'Відповіді форми (1)'!G7 -> 4 | H7: ='Відповіді форми (1)'!H7-1 -> 2 | I7: =5-'Відповіді форми (1)'!I7 -> 3 | J7: ='Відповіді форми (1)'!J7-1 -> 3 | K7: =5-'Відповіді форми (1)'!K7 -> 3 | L7: =SUM(B7:K7)*2.5 -> 77.5 | M7: =(L7-$C$13)^2 -> 27.5625
A8: r7 | B8: ='Відповіді форми (1)'!B8-1 -> 2 | C8: =5-'Відповіді форми (1)'!C8 -> 3 | D8: ='Відповіді форми (1)'!D8-1 -> 4 | E8: =5-'Відповіді форми (1)'!E8 -> 4 | F8: ='Відповіді форми (1)'!F8-1 -> 2 | G8: =5-'Відповіді форми (1)'!G8 -> 4 | H8: ='Відповіді форми (1)'!H8-1 -> 3 | I8: =5-'Відповіді форми (1)'!I8 -> 3 | J8: ='Відповіді форми (1)'!J8-1 -> 3 | K8: =5-'Відповіді форми (1)'!K8 -> 3 | L8: =SUM(B8:K8)*2.5 -> 77.5 | M8: =(L8-$C$13)^2 -> 27.5625
A9: r8 | B9: ='Відповіді форми (1)'!B9-1 -> 3 | C9: =5-'Відповіді форми (1)'!C9 -> 4 | D9: ='Відповіді форми (1)'!D9-1 -> 3 | E9: =5-'Відповіді форми (1)'!E9 -> 4 | F9: ='Відповіді форми (1)'!F9-1 -> 3 | G9: =5-'Відповіді форми (1)'!G9 -> 4 | H9: ='Відповіді форми (1)'!H9-1 -> 2 | I9: =5-'Відповіді форми (1)'!I9 -> 4 | J9: ='Відповіді форми (1)'!J9-1 -> 3 | K9: =5-'Відповіді форми (1)'!K9 -> 4 | L9: =SUM(B9:K9)*2.5 -> 85 | M9: =(L9-$C$13)^2 -> 5.0625
A10: r9 | B10: ='Відповіді форми (1)'!B10-1 -> 4 | C10: =5-'Відповіді форми (1)'!C10 -> 2 | D10: ='Відповіді форми (1)'!D10-1 -> 3 | E10: =5-'Відповіді форми (1)'!E10 -> 3 | F10: ='Відповіді форми (1)'!F10-1 -> 4 | G10: =5-'Відповіді форми (1)'!G10 -> 4 | H10: ='Відповіді форми (1)'!H10-1 -> 3 | I10: =5-'Відповіді форми (1)'!I10 -> 3 | J10: ='Відповіді форми (1)'!J10-1 -> 3 | K10: =5-'Відповіді форми (1)'!K10 -> 4 | L10: =SUM(B10:K10)*2.5 -> 82.5 | M10: =(L10-$C$13)^2 -> 0.0625
A11: r10 | B11: ='Відповіді форми (1)'!B11-1 -> 2 | C11: =5-'Відповіді форми (1)'!C11 -> 3 | D11: ='Відповіді форми (1)'!D11-1 -> 3 | E11: =5-'Відповіді форми (1)'!E11 -> 4 | F11: ='Відповіді форми (1)'!F11-1 -> 3 | G11: =5-'Відповіді форми (1)'!G11 -> 4 | H11: ='Відповіді форми (1)'!H11-1 -> 3 | I11: =5-'Відповіді форми (1)'!I11 -> 4 | J11: ='Відповіді форми (1)'!J11-1 -> 2 | K11: =5-'Відповіді форми (1)'!K11 -> 4 | L11: =SUM(B11:K11)*2.5 -> 80 | M11: =(L11-$C$13)^2 -> 7.5625
B13: SUS Mean | C13: =SUM(L2:L11)/10 -> 82.75
B14: Standart Deviation | C14: =SQRT(SUM(Таблиця1[Standart Deviation Calculation])/9) -> 8.2873733
